code,name,latitude,longitude,raio,validado
25,Auchan Alfragide,38.727488715346,-9.219696521759,200,True
12,Auchan Almada,38.659677196838,-9.1754025220871,200,True
29,Auchan Alverca,38.8882102347,-9.04363632202,210,True
14,Auchan Amadora,38.776963709814,-9.2192513253954,270,True
24,Auchan Amoreiras,38.722338317285,-9.1617841293019,80,True
32,Auchan Aveiro,40.627631671785,-8.6436009682527,150,True
7001,Auchan Azambuja,39.043191355535,-8.9206650853157,0,True
52,Auchan Caldas da Rainha,39.400880550514,-9.1367944255935,80,True
57,Auchan Campera,39.0275979883,-8.96588981152,80,True
65,Auchan Canidelo,41.131944444444,-8.6463611111111,150,True
15,Auchan Cascais,38.7026174432,-9.41601008177,150,True
28,Auchan Castelo Branco,39.816101105249,-7.5194794074165,150,True
9,Auchan Coimbra,40.203415016899,-8.4081687314774,140,True
19,Auchan Coina,38.582935579721,-9.0445028042263,130,True
7005,Auchan Congelados,39.042644000954,-8.920619584043,50,True
62,Auchan Eiras,40.2537461197,-8.43031167984,150,True
21,Auchan Évora,38.54992264113,-7.9051980285852,130,True
31,Auchan Famalicão,41.412743856545,-8.5128897817399,150,True
33,Auchan Faro,37.029033897578,-7.9439973492092,100,True
34,Auchan Figueira da Foz,40.166424731591,-8.861095905304,100,True
8,Auchan Gaia,41.141194444444,-8.6380277777778,150,True
35,Auchan Gondomar,41.176039217576,-8.5644543170929,60,True
54,Auchan Guarda,40.540315508634,-7.2661948769887,120,True
17,Auchan Guimarães,41.448964829899,-8.3426676223543,150,True
63,Auchan Lagoa,37.13675,-8.4655833333333,130,True
26,Auchan Maia,41.2494994408,-8.62316250801,150,True
16,Auchan Matosinhos,41.2078149862,-8.6873960495,150,True
53,Auchan Olhão,37.035444444444,-7.8407222222222,130,True
18,Auchan Paço de Arcos,38.705558899551,-9.2941859165668,0,False
23,Auchan Portimão,37.147256827129,-8.5430472394256,130,False
27,Auchan Setubal,38.53770545902,-8.8757461309433,110,True
38,Auchan Sintra,38.77844,-9.34917,400,True
30,Auchan Sto Tirso,41.330861111111,-8.47675,150,True
13,Auchan Torres Vedras,39.101567400204,-9.2538174249331,50,True
39,Auchan Vila do Conde,41.361114907266,-8.7444400417913,116,True
36,Auchan Vila Real,41.297085938434,-7.7358858055538,100,True
10,Auchan Viseu,40.643151864988,-7.9121732711792,150,True
459,My Auchan A.  Linha das Torres,38.772651204733,-9.161739479299,50,True
429,My Auchan Adelaide Cabete,38.757936162629,-9.1867295656414,67,True
419,My Auchan Algés,38.700538366846,-9.2296366944774,66,True
417,My Auchan Almada II,38.677064345012,-9.1638169067112,50,True
440,My Auchan Alvares Cabral,38.718263261584,-9.1568478266176,50,True
409,My Auchan Av Almirante Reis,38.727130780886,-9.1346638748341,71,True
421,My Auchan Av Almirante Reis II,38.736115007211,-9.1341299834323,67,True
413,My Auchan Av da Republica,38.739621630293,-9.1466387478504,74,True
454,My Auchan Avenida Boavista,41.156937842799,-8.6245248891942,50,True
428,My Auchan Avenida Brasil,38.755184845831,-9.1499539656414,70,True
461,My Auchan Baixa da Banheira,38.65383,-9.04667,50,False
422,My Auchan Beneficiência,38.742473451512,-9.156902430515,70,True
411,My Auchan Benfica,38.746855113575,-9.1810449656414,70,True
423,My Auchan Bento Gonçalves,38.668465846586,-9.1662065337295,50,True
446,My Auchan Bento Jesus Caraça,41.163436286447,-8.5979508325559,50,True
420,My Auchan Bobadela,38.806787225371,-9.1010648834324,64,True
414,My Auchan Bordalo Pinheiro,38.738515353925,-9.1641759368053,59,True
444,My Auchan C.G. Guerra (VFX),38.955125772131,-8.9890960277232,50,True
443,My Auchan Cacilhas (Almada),38.685752383275,-9.1499175699406,50,True
439,My Auchan Calçada da Ajuda,38.701123563952,-9.2002695161429,50,True
450,My Auchan Campo Alegre - Porto,41.152788709035,-8.6368758174923,50,True
408,My Auchan Campolide,38.726499178768,-9.1655156368054,54,True
432,My Auchan Caparica,38.63879321791,-9.230828608633,86,True
451,My Auchan Capitão Leitão,38.679735783031,-9.1605567690966,50,True
416,My Auchan Colinas do Cruzeiro,38.789103651558,-9.1924999454037,50,True
445,My Auchan Conde Redondo,38.724850651059,-9.1460322567552,50,True
434,My Auchan D João II,38.530217852643,-8.8779306122684,69,True
404,My Auchan Duque de Ávila,38.735134208524,-9.1498203067459,64,True
430,My Auchan Elias Garcia,38.758120598887,-9.2355874343586,50,True
427,My Auchan Estrada de Benfica,38.747278545946,-9.1879731478505,65,True
441,My Auchan Fabrica 1921,38.749762258332,-9.1973111724161,50,True
436,My Auchan Ferreira Borges,38.718496791377,-9.1641241024815,50,True
412,My Auchan Gil Vicente,38.682223215888,-9.1529303656414,50,True
406,My Auchan Graça,38.722723346306,-9.1322528723873,50,True
402,My Auchan João XXI,38.74211198073,-9.1345890666892,100,True
435,My Auchan José Ricardo,38.734637015185,-9.1319367478504,56,True
462,My Auchan Largo da Graça,38.71748889,-9.130161111,50,True
425,My Auchan Luiz Queiroz,38.679435674083,-9.1557713475024,70,True
424,My Auchan Lumiar,38.767814780482,-9.1570816055225,85,True
455,My Auchan Manuel II (Maia),41.233357363226,-8.620679958706,50,True
442,My Auchan Morais Soares,38.732559021471,-9.1300146800415,50,True
433,My Auchan Oscar Monteiro Torres,38.743602346484,-9.1403229288708,80,True
403,My Auchan Pascoal de Melo,38.731529970781,-9.1383455092621,0,True
437,My Auchan Pedro Nunes,38.732640215449,-9.148141578014,50,True
410,My Auchan Penha de Fança,38.724738231383,-9.1295285190143,64,True
447,My Auchan Praça do Exército Libertador,41.166624363369,-8.6249272917252,50,True
407,My Auchan Queluz,38.756361449292,-9.2527470183853,92,True
452,My Auchan R Venezuela Porto,41.157449567782,-8.6418355776112,50,True
458,My Auchan Rinchoa,38.786138251365,-9.322255253085,50,True
449,My Auchan Rua de Camões - Porto,41.152842800318,-8.6101619954022,50,True
453,My Auchan Saldanha Porto,41.157187572144,-8.6792905877058,54,True
460,My Auchan Tires,38.711399364509,-9.3377097374344,50,False
734,AF Arcozelo,41.540761696415,-8.6176616122684,50,True
736,AF Avelar,39.918223122297,-8.3591275016332,50,True
703,AF Barcelos,41.528510660304,-8.5792258895493,50,True
724,AF Beja,38.008127149687,-7.8542114055225,79,True
712,AF Maceira do Lis,39.685383424171,-8.8863139929401,80,True
717,AF Mértola,38.020215673947,-7.8523062558197,144,True
727,AF Miranda do Corvo,40.089180978027,-8.3270418289596,63,True
725,AF Murça,41.403411156263,-7.4535351385189,64,True
726,AF Paredes,41.226642187471,-8.3159549674938,67,True
733,AF Parelhal Barcelos,41.532101693519,-8.6938809325409,50,True
708,AF Pataias,39.680408818785,-8.9739055122684,70,True
729,AF Penacova,40.30477975323,-8.3203723668995,50,True
710,AF Penamacor,40.16392,-7.17303,50,True
739,AF Q.Janeiro,38.66536308951,-9.1561868348604,50,True
738,AF Rio de Moinhos,41.11349393724,-8.2675853183942,50,True
711,AF Sabugal,40.349854205428,-7.082665219574,50,True
730,AF Vila Velha de Rodão,39.657293489152,-7.6764169890938,50,True
728,MAF Aguiar da Beira,40.830791798514,-7.529006983667,50,True
718,MAF Ariz,41.115777815551,-8.2167984545231,0,True
732,MAF Cepsa Chelas,38.755241393044,-9.1186941693115,50,True
731,MAF Cepsa Ramada,38.806526997921,-9.2001324153227,50,True
720,MAF Cruz Flores,38.785055263822,-9.1217436000347,94,True
722,MAF Fernão Ferro,38.584594870645,-9.0954118882286,70,True
723,MAF Forte da Casa,38.869450374007,-9.0621144343586,73,True
133,Preço Baixo Porto,41.18003,-8.58353,50,True
141,Comercio Electronico,38.776566121583,-9.2193792134918,351,True
142,Maia Comercio Electronico,41.249081088483,-8.6227177897575,198,True
160,Neomáquinas Benedita,39.421955192294,-8.9793714074028,80,True
161,Neomáquinas Pombal,39.893225434855,-8.6568605251313,180,True
163,J A Ferreira,37.110948577864,-8.1220348687173,70,True
166,Leça I,41.194707591887,-8.6969227681923,52,True
168,Leça II,41.19081,-8.70192,400,True
169,Angeiras,41.265754927626,-8.7244065238106,60,True
171,Povoa do Varzim,41.38678,-8.76989,400,True
190,Mercados Couto,40.754731684395,-8.5742151312828,50,True
226,Glória do Sol,39.044506960646,-8.6462248730129,60,True
229,Celorico de Basto,41.38417,-8.00197,150,True
231,Beja,38.020809759635,-7.8533136488261,50,True
236C,Hipercais,38.882761756041,-9.0452119699405,78,True
236R,Hipercais,38.78521694382,-9.1216963958939,151,True
238,Águas de Moura,38.58706,-8.69214,200,True
241,Vidigueira,38.21203,-7.80108,150,True
243,Amaral e Filhos Congelados - Bitranlis  STEF ,38.846970322968,-9.0738154673036,50,True
243A,Amaral e Filhos - Ambiente,41.396693360286,-8.7415379877663,50,True
243C,Amaral e Filhos - Congelados,39.035014365117,-8.9698608219624,50,True
244,Rui Dinorá,40.20156,-8.23739,100,True
245,Rui e Dinora ||,40.1965,-8.24269,400,True
248A,Bernardete,41.232671705023,-8.6613502149082,61,True
248C,Bernardete - Congelados,38.843722554593,-9.1741363140015,50,True
248R,Bernardete - Refrigerados,38.843648694982,-9.1738439532189,50,True
249,Superforos Salvaterra de Magos,38.996325772863,-8.7368578743404,100,True
254,Poceirão,38.63275,-8.742,200,True
256A,Fayal Kompras - Ambiente,38.817698070429,-9.092971499271,50,True
256C,Fayal Compras - Congelados,38.985624419664,-8.9663678734416,50,True
256R,Fayal Kompras - FRV & REF ,38.817547173625,-9.0928637737975,50,True
283,Sinal Mágico - Braga,41.52628,-8.44908,50,True
285A,Melim Porto,41.24342,-8.65819,400,True
327,Balazar,41.41436,-8.65167,100,True
350,Preço Baixo Viatodos,41.45602176804,-8.5648783506352,50,True
351A,Hipercais - Ambiente,38.817708414549,-9.093061353273,50,True
351C,Hipercais - Congelados,38.985732833931,-8.9664601641948,50,True
351R,Hipercais - Fruta e Refrigerados,38.985676541929,-8.96642688204,50,False
352,Glória do Ribatejo,39.04783,-8.69911,50,True
353,Positivo e Genuino,41.833570788765,-7.0097417922531,73,True
354,PB Póvoa de Varzim,41.377125150583,-8.7585879214611,50,True
355,Lucinda e André,41.17433,-7.05069,50,True
356,Preços Baixos Sto Tirso,41.340300746313,-8.4755425535495,50,True
357,Angelo de Chaves Braga - Refrigerados,41.240534786177,-8.5975480638207,50,True
357A,Angelo Chaves Braga,41.199179428423,-8.6262606166598,50,True
357C,Angelo Chaves Braga,38.985626504555,-8.9662874071712,50,True
358,JPVieira Marco Canaveses,41.185783777136,-8.1474492819104,50,True
360,Bolt Moscavide,38.775211692944,-9.1062252064473,50,True
368,Florcash,38.888666122054,-9.1926324443392,50,True
370,P. Amaral Ol. Hospital,40.361902406677,-7.8586451923957,50,True
703,AF Barcelos,41.528510660304,-8.5792258895493,50,True
7030,Plataforma Almada,38.659807471615,-9.1760075343577,50,True
706,Moimenta da Beira,40.97767,-7.61325,50,True
720,MAF Cruz Flores,38.785055263822,-9.1217436000347,94,True
721,PA Lages,38.785048991464,-9.1216738626003,105,True
722,MAF Fernão Ferro,38.584594870645,-9.0954118882286,70,True
723,MAF Forte da Casa,38.869450374007,-9.0621144343586,73,True
724,AF Beja,38.008127149687,-7.8542114055225,79,True
725,AF Murça,41.403411156263,-7.4535351385189,64,True
729,AF Penacova,40.30477975323,-8.3203723668995,50,True
736,AF Avelar,39.918223122297,-8.3591275016332,50,True
96,UPA - Unidade Produção Alimentar,38.92853839581,-9.2247142045554,50,False
A102,Avigril,39.196413119092,-9.1926263446705,50,True
A104,Centazzi_Seixal,38.604437973477,-9.069888014249,50,True
A136,S&A - Soc Ind Aperitivos,40.21994,-8.5995,150,True
A136T,S&A Taveiro,40.191963065582,-8.5159729478902,50,True
A554,Ribeiralves | Torres Vedras,39.055851937973,-9.2545038184547,100,True
A605,Águas Monchique,37.161464305667,-8.6336677334649,50,True
A70,Poveiros,41.146188874385,-8.6043836542571,50,True
A91,Venda do Pinheiro,38.923075845517,-9.2324085678018,50,True
AAA,IFCO,39.058476563907,-8.905725364418,80,True
B029,Mendes & Gonçalves,39.415449564126,-8.4887480918885,100,True
B100,Ovos CAC,39.829790997108,-8.7294635853195,150,True
B12,Pinhal Novo,38.631438223236,-8.9166820051332,50,True
B34,Vale da Amoreira,38.64561,-9.03703,50,True
B53,Benfica,38.743506704002,-9.1750967506687,50,True
B63,Torres Vedras P,39.09579338746,-9.26003,50,False
B67,Cascais,38.71961,-9.44058,50,True
B68,Peniche,39.359083,-9.375361,50,False
B75,Ericeira,38.966712546576,-9.4069018988068,50,True
B82,Paiões,38.76692,-9.31947,50,True
B85,Mercado Santos,38.743185249166,-9.1584972330701,63,True
B86,Buraca,38.74081,-9.21161,50,True
C015,Renova,39.492159302576,-8.6070891687632,190,True
C016,Montebravo,39.461900420793,-8.5347645812232,50,True
C20,ALE,39.587900768791,-9.0155808907597,50,True
C21,Torrestir,39.042131601708,-8.9218757123669,190,True
C27,AMI Lisboa,38.785481947035,-9.1168774783699,50,True
C28,A Tarte,38.774565313643,-9.3603976797712,50,True
C31,CNEMA,39.22156073121,-8.6996980666316,50,True
C33,LPR Santo Tirso,41.337287073692,-8.4982251032457,50,True
C671,Sovena - Carregado,39.031619049474,-8.9666526963131,110,True
C671B,Sovena Barreiro,38.669953566465,-9.0680363521149,50,True
C744,Jacquot,38.909515074663,-9.0283108369793,50,True
C750M,Lactogal Modivas,41.300514958332,-8.6958477306885,250,True
C750O,Lactogal Oliveira Azemeis,40.838790732297,-8.4831662851807,100,True
C756,Cerealis,41.2015,-8.59442,110,True
C763,Cordeiro e Filhos,37.065157831372,-7.9641806322734,70,True
C865,Batatas Mirense,40.467394597834,-8.722394820203,84,True
C956,Águas Penacova,40.278838372128,-8.2716781650471,56,True
C956M,Aguas Penacova,40.278815898998,-8.2714407766052,60,True
D660,Lactogal Tocha,40.311302441712,-8.7530294440566,100,True
H93,Marco de Canaveses,41.179315550369,-8.154985123487,50,True
I104,Caves Avelar,39.914009842724,-8.3680381184547,50,True
I163,Sumol Leiria,39.739248151024,-8.76571583928,160,True
I163A,Sumol Almeirim,39.21667,-8.61842,150,True
I163P,Sumol Pombal,39.9195,-8.63761,150,True
I301,Sanguinhal,39.26723984451,-9.1538221335605,50,True
I402,Ovos Caramulo,40.48542,-8.08911,190,True
I443,Longa Vida,41.22972,-8.70553,400,True
I463,Monte D´Alva,38.71447,-8.97172,100,True
I463R,Monte D´Alva - Montijo - Refrigerado,38.714337103655,-8.9716784257603,50,True
I472,Adega Coop. de Cantanhede,40.35811,-8.59789,80,True
I534,Zeltica,38.756766130532,-9.3803599055573,50,True
I622,ColReis,40.96708,-8.49025,150,True
I685,Cruz Caliços,37.09942,-8.27078,150,True
I691,Brioxa,41.273877495877,-8.4631467455974,50,False
I889,Ecocompositos,39.030080258211,-8.9848206602618,68,True
I958,MMpet,40.05892091925,-8.6448995718277,50,True
I990,Nutre,40.550709428433,-8.7191278556518,384,True
K009,GFS-Arruda dos Vinhos,38.969504873697,-9.0291524203867,50,True
L210,Salvensen Secos,39.04927829091,-8.9203191986852,0,True
lidl,Lidl | Silvares-Guimarães ,41.447427559325,-8.3438696593768,90,True
M018,J M Fonseca,38.52192,-9.01031,400,True
M028,Viticale,38.206434435407,-7.7997020734491,50,True
M036,Sogevinus,41.13151318022,-8.6183935726601,50,True
M065,Propet,41.230113793046,-8.5367191267233,50,True
M071,Wine Concept,38.755101355193,-9.2195018001568,50,True
M531,Sabor a Mundo,38.87192814122,-9.0994822166877,50,True
M904,Zoopan,39.114593374851,-8.8631479893165,50,True
N044,Lactaçores,38.979333061174,-8.9743156092798,50,True
N079,Parmalat,38.59899603587,-8.6597800254822,180,True
N095,Ferbar Maia,41.260072932931,-8.6336777202318,50,True
N098,Sogrape,41.093277143194,-8.5344601539673,100,True
N126,Nestlé Portugal SA,40.806256176547,-8.5783424219513,140,True
N126C,Nestlé Carreras,38.906458804032,-8.880480821113,241,True
P161,Sotavinhos,40.72764861999,-8.4877414576721,80,True
P162,Misterwine,37.138909636102,-8.5045545975532,167,True
P262,Unilever,39.05381,-8.90694,400,True
P371A,Decante,38.740638452388,-9.228092431523,50,False
P846,Suavecel,41.62942,-8.76664,190,True
PONTUAL,TANSITARIO TIRGAL,41.234913711547,-8.6392879486084,11,True
